Frame,Camera,Status,PointIdx,X,Y,Radius,Metric
1,0,Filtered_Small,0,1210.442352,271.419627,10.0,0.5
1,0,Filtered_Large,1,1217.506882,939.080653,10.0,0.5
1,1,Filtered_Small,0,1149.567279,946.588561,10.0,0.5
1,1,Filtered_Large,1,1166.549699,368.232972,10.0,0.5
1,2,Filtered_Small,0,262.506883,974.835340,10.0,0.5
1,2,Filtered_Large,1,249.852810,339.998599,10.0,0.5
1,3,Filtered_Small,0,199.036267,244.488608,10.0,0.5
1,3,Filtered_Large,1,190.499378,899.598264,10.0,0.5
2,0,Filtered_Small,0,1215.358243,272.139023,10.0,0.5
2,0,Filtered_Large,1,1222.992129,939.920756,10.0,0.5
2,1,Filtered_Small,0,1153.943229,947.189233,10.0,0.5
2,1,Filtered_Large,1,1170.768729,368.796931,10.0,0.5
2,2,Filtered_Small,0,257.182175,975.518834,10.0,0.5
2,2,Filtered_Large,1,245.138920,340.607466,10.0,0.5
2,3,Filtered_Small,0,195.100773,245.064420,10.0,0.5
2,3,Filtered_Large,1,185.481767,900.118362,10.0,0.5
3,0,Filtered_Small,0,1219.934616,272.657501,10.0,0.5
3,0,Filtered_Large,1,1228.471119,940.638502,10.0,0.5
3,1,Filtered_Small,0,1158.721140,947.758577,10.0,0.5
3,1,Filtered_Large,1,1175.044611,369.351357,10.0,0.5
3,2,Filtered_Small,0,251.690388,976.159940,10.0,0.5
3,2,Filtered_Large,1,240.528001,341.139187,10.0,0.5
3,3,Filtered_Small,0,191.492357,245.632968,10.0,0.5
3,3,Filtered_Large,1,180.378376,900.667970,10.0,0.5
26,0,Filtered_Small,0,1216.399219,260.929084,10.0,0.5
26,0,Filtered_Large,1,1220.984458,932.835186,10.0,0.5
26,1,Filtered_Small,0,1159.365760,940.333981,10.0,0.5
26,1,Filtered_Large,1,1178.889447,359.222921,10.0,0.5
26,2,Filtered_Small,0,252.566613,963.373239,10.0,0.5
26,2,Filtered_Large,1,238.573341,330.696792,10.0,0.5
26,3,Filtered_Small,0,194.928835,234.430712,10.0,0.5
26,3,Filtered_Large,1,188.945993,887.398094,10.0,0.5
27,0,Filtered_Small,0,1211.183640,259.860784,10.0,0.5
27,0,Filtered_Large,1,1214.552250,931.464185,10.0,0.5
27,1,Filtered_Small,0,1154.507626,939.157457,10.0,0.5
27,1,Filtered_Large,1,1174.306564,358.321095,10.0,0.5
27,2,Filtered_Small,0,258.746050,962.139267,10.0,0.5
27,2,Filtered_Large,1,243.591562,329.717556,10.0,0.5
27,3,Filtered_Small,0,199.755512,233.595642,10.0,0.5
27,3,Filtered_Large,1,195.163055,886.369102,10.0,0.5
28,0,Filtered_Small,0,1205.205301,258.643269,10.0,0.5
28,0,Filtered_Large,1,1207.674691,930.086641,10.0,0.5
28,1,Filtered_Small,0,1149.659396,938.116883,10.0,0.5
28,1,Filtered_Large,1,1169.659791,357.196438,10.0,0.5
28,2,Filtered_Small,0,265.039398,960.691940,10.0,0.5
28,2,Filtered_Large,1,248.803900,328.619612,10.0,0.5
28,3,Filtered_Small,0,204.863439,232.503447,10.0,0.5
28,3,Filtered_Large,1,201.455164,885.208421,10.0,0.5
29,0,Filtered_Small,0,1199.551266,257.441384,10.0,0.5
29,0,Filtered_Large,1,1201.336682,928.714340,10.0,0.5
29,1,Filtered_Small,0,1144.915424,937.316547,10.0,0.5
29,1,Filtered_Large,1,1165.187539,356.118647,10.0,0.5
29,2,Filtered_Small,0,270.923288,959.290580,10.0,0.5
29,2,Filtered_Large,1,253.901798,327.414354,10.0,0.5
29,3,Filtered_Small,0,209.765017,231.384133,10.0,0.5
29,3,Filtered_Large,1,207.560779,884.064588,10.0,0.5
30,0,Filtered_Small,0,1194.497627,256.232820,10.0,0.5
30,0,Filtered_Large,1,1195.710298,927.396861,10.0,0.5
30,1,Filtered_Small,0,1140.583734,936.707235,10.0,0.5
30,1,Filtered_Large,1,1161.005869,355.125382,10.0,0.5
30,2,Filtered_Small,0,276.129782,958.029560,10.0,0.5
30,2,Filtered_Large,1,258.548440,326.247672,10.0,0.5
30,3,Filtered_Small,0,214.398660,230.269845,10.0,0.5
30,3,Filtered_Large,1,213.037356,882.855945,10.0,0.5
31,0,Filtered_Small,0,1190.065943,255.065587,10.0,0.5
31,0,Filtered_Large,1,1190.943479,926.160459,10.0,0.5
31,1,Filtered_Small,0,1136.718453,935.999132,10.0,0.5
31,1,Filtered_Large,1,1157.238297,354.075269,10.0,0.5
31,2,Filtered_Small,0,280.577340,956.724515,10.0,0.5
31,2,Filtered_Large,1,262.675115,325.175774,10.0,0.5
31,3,Filtered_Small,0,218.640203,229.195057,10.0,0.5
31,3,Filtered_Large,1,217.788506,881.746223,10.0,0.5
32,0,Filtered_Small,0,1185.872439,253.957554,10.0,0.5
32,0,Filtered_Large,1,1186.696642,924.993228,10.0,0.5
32,1,Filtered_Small,0,1133.186709,935.202125,10.0,0.5
32,1,Filtered_Large,1,1153.815002,352.999990,10.0,0.5
32,2,Filtered_Small,0,284.546328,955.543919,10.0,0.5
32,2,Filtered_Large,1,266.444191,324.069436,10.0,0.5
32,3,Filtered_Small,0,222.493246,228.093180,10.0,0.5
32,3,Filtered_Large,1,221.904262,880.585771,10.0,0.5
33,0,Filtered_Small,0,1181.601650,252.820356,10.0,0.5
33,0,Filtered_Large,1,1182.623941,923.824510,10.0,0.5
33,1,Filtered_Small,0,1129.864118,934.413336,10.0,0.5
33,1,Filtered_Large,1,1150.639501,351.991556,10.0,0.5
33,2,Filtered_Small,0,288.040574,954.387025,10.0,0.5
33,2,Filtered_Large,1,269.872593,323.083643,10.0,0.5
33,3,Filtered_Small,0,226.080005,227.064934,10.0,0.5
33,3,Filtered_Large,1,225.650498,879.550287,10.0,0.5
34,0,Filtered_Small,0,1178.244995,251.876154,10.0,0.5
34,0,Filtered_Large,1,1179.157346,922.781577,10.0,0.5
34,1,Filtered_Small,0,1126.632076,933.751580,10.0,0.5
34,1,Filtered_Large,1,1147.575953,351.139486,10.0,0.5
34,2,Filtered_Small,0,291.481453,953.312363,10.0,0.5
34,2,Filtered_Large,1,273.299696,322.118422,10.0,0.5
34,3,Filtered_Small,0,229.577367,226.063005,10.0,0.5
34,3,Filtered_Large,1,229.182135,878.577722,10.0,0.5
35,0,Filtered_Small,0,1174.092351,250.878247,10.0,0.5
35,0,Filtered_Large,1,1175.250385,921.823446,10.0,0.5
35,1,Filtered_Small,0,1123.370892,933.070077,10.0,0.5
35,1,Filtered_Large,1,1144.493380,350.318219,10.0,0.5
35,2,Filtered_Small,0,294.805091,952.330200,10.0,0.5
35,2,Filtered_Large,1,276.654176,321.255833,10.0,0.5
35,3,Filtered_Small,0,233.169824,225.178123,10.0,0.5
35,3,Filtered_Large,1,232.800620,877.671282,10.0,0.5
37,0,Filtered_Small,0,1166.527611,249.287087,10.0,0.5
37,0,Filtered_Large,1,1167.647544,920.319454,10.0,0.5
37,1,Filtered_Small,0,1116.978319,931.877104,10.0,0.5
37,1,Filtered_Large,1,1138.399804,348.787852,10.0,0.5
37,2,Filtered_Small,0,301.536220,950.483716,10.0,0.5
37,2,Filtered_Large,1,283.283855,319.745683,10.0,0.5
37,3,Filtered_Small,0,240.362511,223.545738,10.0,0.5
37,3,Filtered_Large,1,240.186802,876.079627,10.0,0.5
38,0,Filtered_Small,0,1162.866317,248.615837,10.0,0.5
38,0,Filtered_Large,1,1163.942367,919.739359,10.0,0.5
38,1,Filtered_Small,0,1114.016762,931.510722,10.0,0.5
38,1,Filtered_Large,1,1135.479461,348.184630,10.0,0.5
38,2,Filtered_Small,0,304.805268,949.663263,10.0,0.5
38,2,Filtered_Large,1,286.560606,319.141974,10.0,0.5
38,3,Filtered_Small,0,244.031047,222.927214,10.0,0.5
38,3,Filtered_Large,1,243.889638,875.356415,10.0,0.5
39,0,Filtered_Small,0,1158.983301,248.066646,10.0,0.5
39,0,Filtered_Large,1,1160.350785,919.364969,10.0,0.5
39,1,Filtered_Small,0,1111.285367,931.271702,10.0,0.5
39,1,Filtered_Large,1,1132.698085,347.679830,10.0,0.5
39,2,Filtered_Small,0,307.561656,949.063014,10.0,0.5
39,2,Filtered_Large,1,289.550224,318.662241,10.0,0.5
39,3,Filtered_Small,0,247.489454,222.421465,10.0,0.5
39,3,Filtered_Large,1,247.312604,874.768931,10.0,0.5
40,0,Filtered_Small,0,1155.629370,247.758569,10.0,0.5
40,0,Filtered_Large,1,1157.123173,919.210253,10.0,0.5
40,1,Filtered_Small,0,1109.002236,931.128493,10.0,0.5
40,1,Filtered_Large,1,1130.031221,347.325061,10.0,0.5
40,2,Filtered_Small,0,310.223985,948.536087,10.0,0.5
40,2,Filtered_Large,1,292.521517,318.347722,10.0,0.5
40,3,Filtered_Small,0,250.932319,222.078682,10.0,0.5
40,3,Filtered_Large,1,250.555580,874.392523,10.0,0.5
41,0,Filtered_Small,0,1151.887768,247.477813,10.0,0.5
41,0,Filtered_Large,1,1153.871975,919.089675,10.0,0.5
41,1,Filtered_Small,0,1106.717019,931.098160,10.0,0.5
41,1,Filtered_Large,1,1127.423444,347.069839,10.0,0.5
41,2,Filtered_Small,0,312.939712,948.215362,10.0,0.5
41,2,Filtered_Large,1,295.465891,318.109395,10.0,0.5
41,3,Filtered_Small,0,254.201514,221.863025,10.0,0.5
41,3,Filtered_Large,1,253.617864,874.128905,10.0,0.5
42,0,Filtered_Small,0,1148.462864,247.361012,10.0,0.5
42,0,Filtered_Large,1,1150.704552,919.018487,10.0,0.5
42,1,Filtered_Small,0,1104.310949,931.129856,10.0,0.5
42,1,Filtered_Large,1,1124.750206,346.912661,10.0,0.5
42,2,Filtered_Small,0,315.554202,947.862977,10.0,0.5
42,2,Filtered_Large,1,298.432700,317.990993,10.0,0.5
42,3,Filtered_Small,0,257.615133,221.776687,10.0,0.5
42,3,Filtered_Large,1,256.853508,873.875729,10.0,0.5
43,0,Filtered_Small,0,1145.185829,247.302309,10.0,0.5
43,0,Filtered_Large,1,1147.624856,919.063308,10.0,0.5
43,1,Filtered_Small,0,1101.918589,931.159452,10.0,0.5
43,1,Filtered_Large,1,1122.036039,346.786405,10.0,0.5
43,2,Filtered_Small,0,318.289349,947.599855,10.0,0.5
43,2,Filtered_Large,1,301.311633,317.910514,10.0,0.5
43,3,Filtered_Small,0,260.925959,221.661518,10.0,0.5
43,3,Filtered_Large,1,259.995748,873.701252,10.0,0.5
44,0,Filtered_Small,0,1141.531372,247.194733,10.0,0.5
44,0,Filtered_Large,1,1144.343506,919.035819,10.0,0.5
44,1,Filtered_Small,0,1099.482035,931.194919,10.0,0.5
44,1,Filtered_Large,1,1119.330074,346.667749,10.0,0.5
44,2,Filtered_Small,0,321.008377,947.379697,10.0,0.5
44,2,Filtered_Large,1,304.425212,317.798147,10.0,0.5
44,3,Filtered_Small,0,264.283733,221.597809,10.0,0.5
44,3,Filtered_Large,1,263.161357,873.584705,10.0,0.5
45,0,Filtered_Small,0,1138.173633,247.204541,10.0,0.5
45,0,Filtered_Large,1,1141.152964,919.099452,10.0,0.5
45,1,Filtered_Small,0,1097.060562,931.283977,10.0,0.5
45,1,Filtered_Large,1,1116.557391,346.560704,10.0,0.5
45,2,Filtered_Small,0,323.733897,947.213047,10.0,0.5
45,2,Filtered_Large,1,307.419786,317.773881,10.0,0.5
45,3,Filtered_Small,0,267.687576,221.549420,10.0,0.5
45,3,Filtered_Large,1,266.329251,873.467913,10.0,0.5
46,0,Filtered_Small,0,1134.493055,247.008743,10.0,0.5
46,0,Filtered_Large,1,1137.958221,919.117229,10.0,0.5
46,1,Filtered_Small,0,1094.732716,931.342187,10.0,0.5
46,1,Filtered_Large,1,1113.885761,346.425413,10.0,0.5
46,2,Filtered_Small,0,326.207606,946.895116,10.0,0.5
46,2,Filtered_Large,1,310.286743,317.662787,10.0,0.5
46,3,Filtered_Small,0,271.092579,221.483674,10.0,0.5
46,3,Filtered_Large,1,269.453076,873.298994,10.0,0.5
47,0,Filtered_Small,0,1130.845855,246.887370,10.0,0.5
47,0,Filtered_Large,1,1134.789637,919.093243,10.0,0.5
47,1,Filtered_Small,0,1092.449914,931.420510,10.0,0.5
47,1,Filtered_Large,1,1111.153288,346.257449,10.0,0.5
47,2,Filtered_Small,0,328.787289,946.626895,10.0,0.5
47,2,Filtered_Large,1,313.316667,317.526616,10.0,0.5
47,3,Filtered_Small,0,274.529672,221.338109,10.0,0.5
47,3,Filtered_Large,1,272.564983,873.105863,10.0,0.5
48,0,Filtered_Small,0,1127.421833,246.784662,10.0,0.5
48,0,Filtered_Large,1,1131.623174,919.133114,10.0,0.5
48,1,Filtered_Small,0,1090.033995,931.465685,10.0,0.5
48,1,Filtered_Large,1,1108.355798,346.056800,10.0,0.5
48,2,Filtered_Small,0,331.530543,946.340373,10.0,0.5
48,2,Filtered_Large,1,316.482393,317.419296,10.0,0.5
48,3,Filtered_Small,0,278.132508,221.299345,10.0,0.5
48,3,Filtered_Large,1,275.817459,872.901220,10.0,0.5
49,0,Filtered_Small,0,1123.552008,246.686519,10.0,0.5
49,0,Filtered_Large,1,1128.110427,919.097751,10.0,0.5
49,1,Filtered_Small,0,1087.302769,931.481745,10.0,0.5
49,1,Filtered_Large,1,1105.177201,345.913791,10.0,0.5
49,2,Filtered_Small,0,334.508066,946.010062,10.0,0.5
49,2,Filtered_Large,1,319.908507,317.292757,10.0,0.5
49,3,Filtered_Small,0,281.918841,221.111054,10.0,0.5
49,3,Filtered_Large,1,279.265504,872.678216,10.0,0.5
50,0,Filtered_Small,0,1119.045488,246.495381,10.0,0.5
50,0,Filtered_Large,1,1123.951433,918.944329,10.0,0.5
50,1,Filtered_Small,0,1083.982870,931.463524,10.0,0.5
50,1,Filtered_Large,1,1101.558345,345.706410,10.0,0.5
50,2,Filtered_Small,0,338.221426,945.660430,10.0,0.5
50,2,Filtered_Large,1,323.855327,317.115842,10.0,0.5
50,3,Filtered_Small,0,286.205780,221.002143,10.0,0.5
50,3,Filtered_Large,1,283.289886,872.517612,10.0,0.5
52,0,Filtered_Small,0,1108.338064,245.943414,10.0,0.5
52,0,Filtered_Large,1,1113.492220,918.209820,10.0,0.5
52,1,Filtered_Small,0,1075.127897,930.966996,10.0,0.5
52,1,Filtered_Large,1,1092.582016,345.026181,10.0,0.5
52,2,Filtered_Small,0,347.793647,944.829033,10.0,0.5
52,2,Filtered_Large,1,333.486588,316.537830,10.0,0.5
52,3,Filtered_Small,0,296.319895,220.397174,10.0,0.5
52,3,Filtered_Large,1,293.292677,872.018447,10.0,0.5
53,0,Filtered_Small,0,1101.859621,245.387630,10.0,0.5
53,0,Filtered_Large,1,1107.071308,917.515898,10.0,0.5
53,1,Filtered_Small,0,1069.639953,930.489519,10.0,0.5
53,1,Filtered_Large,1,1087.280832,344.516417,10.0,0.5
53,2,Filtered_Small,0,353.703253,944.250135,10.0,0.5
53,2,Filtered_Large,1,339.155498,316.031403,10.0,0.5
53,3,Filtered_Small,0,302.231527,219.923920,10.0,0.5
53,3,Filtered_Large,1,299.359500,871.591653,10.0,0.5
54,0,Filtered_Small,0,1095.594192,244.823779,10.0,0.5
54,0,Filtered_Large,1,1100.450006,916.636065,10.0,0.5
54,1,Filtered_Small,0,1063.710143,929.900776,10.0,0.5
54,1,Filtered_Large,1,1081.622088,343.897236,10.0,0.5
54,2,Filtered_Small,0,360.102959,943.462753,10.0,0.5
54,2,Filtered_Large,1,345.079906,315.457113,10.0,0.5
54,3,Filtered_Small,0,308.354919,219.282750,10.0,0.5
54,3,Filtered_Large,1,305.866847,871.051482,10.0,0.5
55,0,Filtered_Small,0,1088.962862,244.130939,10.0,0.5
55,0,Filtered_Large,1,1093.627169,915.764419,10.0,0.5
55,1,Filtered_Small,0,1057.766124,929.244248,10.0,0.5
55,1,Filtered_Large,1,1075.858916,343.204689,10.0,0.5
55,2,Filtered_Small,0,366.511875,942.571601,10.0,0.5
55,2,Filtered_Large,1,351.162534,314.714884,10.0,0.5
55,3,Filtered_Small,0,314.562676,218.556166,10.0,0.5
55,3,Filtered_Large,1,312.358755,870.473139,10.0,0.5
56,0,Filtered_Small,0,1082.852591,243.448029,10.0,0.5
56,0,Filtered_Large,1,1087.174385,914.771018,10.0,0.5
56,1,Filtered_Small,0,1051.781062,928.491141,10.0,0.5
56,1,Filtered_Large,1,1070.079600,342.410903,10.0,0.5
56,2,Filtered_Small,0,372.936705,941.774950,10.0,0.5
56,2,Filtered_Large,1,357.332216,313.958344,10.0,0.5
56,3,Filtered_Small,0,320.898757,217.778025,10.0,0.5
56,3,Filtered_Large,1,318.933872,869.781067,10.0,0.5
57,0,Filtered_Small,0,1075.659138,242.600862,10.0,0.5
57,0,Filtered_Large,1,1080.185833,913.768448,10.0,0.5
57,1,Filtered_Small,0,1045.902008,927.769468,10.0,0.5
57,1,Filtered_Large,1,1064.286276,341.636749,10.0,0.5
57,2,Filtered_Small,0,379.233068,940.810632,10.0,0.5
57,2,Filtered_Large,1,363.423982,313.270018,10.0,0.5
57,3,Filtered_Small,0,327.152280,217.027144,10.0,0.5
57,3,Filtered_Large,1,325.409852,869.085827,10.0,0.5
58,0,Filtered_Small,0,1069.086818,241.835245,10.0,0.5
58,0,Filtered_Large,1,1073.443584,912.818816,10.0,0.5
58,1,Filtered_Small,0,1039.881596,927.032816,10.0,0.5
58,1,Filtered_Large,1,1058.387929,340.847501,10.0,0.5
58,2,Filtered_Small,0,385.774218,939.897676,10.0,0.5
58,2,Filtered_Large,1,369.749140,312.424837,10.0,0.5
58,3,Filtered_Small,0,333.655470,216.278524,10.0,0.5
58,3,Filtered_Large,1,332.057814,868.350253,10.0,0.5
59,0,Filtered_Small,0,1061.869290,241.079759,10.0,0.5
59,0,Filtered_Large,1,1066.191368,911.853454,10.0,0.5
59,1,Filtered_Small,0,1033.544113,926.321797,10.0,0.5
59,1,Filtered_Large,1,1052.230461,340.084132,10.0,0.5
59,2,Filtered_Small,0,392.527060,938.986185,10.0,0.5
59,2,Filtered_Large,1,376.276370,311.721730,10.0,0.5
59,3,Filtered_Small,0,340.493561,215.575730,10.0,0.5
59,3,Filtered_Large,1,339.082367,867.689725,10.0,0.5
60,0,Filtered_Small,0,1054.222189,240.385639,10.0,0.5
60,0,Filtered_Large,1,1058.353363,910.875013,10.0,0.5
60,1,Filtered_Small,0,1026.692755,925.634397,10.0,0.5
60,1,Filtered_Large,1,1045.681312,339.389420,10.0,0.5
60,2,Filtered_Small,0,399.920616,938.092531,10.0,0.5
60,2,Filtered_Large,1,383.248182,311.018149,10.0,0.5
60,3,Filtered_Small,0,347.530449,214.926748,10.0,0.5
60,3,Filtered_Large,1,346.607980,867.045082,10.0,0.5
61,0,Filtered_Small,0,1046.452582,239.739264,10.0,0.5
61,0,Filtered_Large,1,1050.105568,909.903274,10.0,0.5
61,1,Filtered_Small,0,1019.307442,924.938576,10.0,0.5
61,1,Filtered_Large,1,1038.732288,338.654104,10.0,0.5
61,2,Filtered_Small,0,407.769411,937.287620,10.0,0.5
61,2,Filtered_Large,1,390.599883,310.378283,10.0,0.5
61,3,Filtered_Small,0,355.147359,214.297599,10.0,0.5
61,3,Filtered_Large,1,354.655497,866.468792,10.0,0.5
62,0,Filtered_Small,0,1037.979276,239.079253,10.0,0.5
62,0,Filtered_Large,1,1041.241295,908.995847,10.0,0.5
62,1,Filtered_Small,0,1011.539876,924.296964,10.0,0.5
62,1,Filtered_Large,1,1031.479765,337.949443,10.0,0.5
62,2,Filtered_Small,0,416.101843,936.450538,10.0,0.5
62,2,Filtered_Large,1,398.329592,309.747335,10.0,0.5
62,3,Filtered_Small,0,363.199025,213.668338,10.0,0.5
62,3,Filtered_Large,1,363.280710,865.943070,10.0,0.5
63,0,Filtered_Small,0,1029.310671,238.474094,10.0,0.5
63,0,Filtered_Large,1,1032.114674,908.174374,10.0,0.5
63,1,Filtered_Small,0,1003.551559,923.694036,10.0,0.5
63,1,Filtered_Large,1,1023.973183,337.266110,10.0,0.5
63,2,Filtered_Small,0,424.503590,935.614300,10.0,0.5
63,2,Filtered_Large,1,406.064103,309.111953,10.0,0.5
63,3,Filtered_Small,0,371.433969,213.053756,10.0,0.5
63,3,Filtered_Large,1,372.091516,865.400168,10.0,0.5
64,0,Filtered_Small,0,1020.841435,237.941585,10.0,0.5
64,0,Filtered_Large,1,1023.097480,907.366346,10.0,0.5
64,1,Filtered_Small,0,995.638273,923.209692,10.0,0.5
64,1,Filtered_Large,1,1016.578005,336.664613,10.0,0.5
64,2,Filtered_Small,0,433.124053,934.799272,10.0,0.5
64,2,Filtered_Large,1,413.955664,308.549345,10.0,0.5
64,3,Filtered_Small,0,379.647786,212.498457,10.0,0.5
64,3,Filtered_Large,1,380.844506,864.915895,10.0,0.5
65,0,Filtered_Small,0,1012.594585,237.487029,10.0,0.5
65,0,Filtered_Large,1,1014.342847,906.682764,10.0,0.5
65,1,Filtered_Small,0,988.028793,922.764958,10.0,0.5
65,1,Filtered_Large,1,1009.376725,336.121412,10.0,0.5
65,2,Filtered_Small,0,441.245184,934.084578,10.0,0.5
65,2,Filtered_Large,1,421.510644,308.024365,10.0,0.5
65,3,Filtered_Small,0,387.678753,211.968216,10.0,0.5
65,3,Filtered_Large,1,389.421104,864.454830,10.0,0.5
67,0,Filtered_Small,0,996.899451,236.695355,10.0,0.5
67,0,Filtered_Large,1,998.014261,905.601877,10.0,0.5
67,1,Filtered_Small,0,974.125434,922.036720,10.0,0.5
67,1,Filtered_Large,1,996.089641,335.165860,10.0,0.5
67,2,Filtered_Small,0,456.244435,932.776382,10.0,0.5
67,2,Filtered_Large,1,435.631299,307.231215,10.0,0.5
67,3,Filtered_Small,0,402.736998,211.167853,10.0,0.5
67,3,Filtered_Large,1,405.365040,863.633355,10.0,0.5
68,0,Filtered_Small,0,989.121209,236.284893,10.0,0.5
68,0,Filtered_Large,1,990.364593,905.127545,10.0,0.5
68,1,Filtered_Small,0,967.718806,921.799252,10.0,0.5
68,1,Filtered_Large,1,989.819440,334.767899,10.0,0.5
68,2,Filtered_Small,0,463.031543,932.229823,10.0,0.5
68,2,Filtered_Large,1,442.238252,306.898537,10.0,0.5
68,3,Filtered_Small,0,410.045154,210.720220,10.0,0.5
68,3,Filtered_Large,1,412.814513,863.256348,10.0,0.5
69,0,Filtered_Small,0,982.075471,236.020742,10.0,0.5
69,0,Filtered_Large,1,983.178545,904.699266,10.0,0.5
69,1,Filtered_Small,0,961.512482,921.612904,10.0,0.5
69,1,Filtered_Large,1,983.738577,334.428809,10.0,0.5
69,2,Filtered_Small,0,469.686484,931.574380,10.0,0.5
69,2,Filtered_Large,1,448.718869,306.625725,10.0,0.5
69,3,Filtered_Small,0,417.000781,210.370300,10.0,0.5
69,3,Filtered_Large,1,419.944931,862.976505,10.0,0.5
70,0,Filtered_Small,0,975.062762,235.813978,10.0,0.5
70,0,Filtered_Large,1,976.042874,904.390304,10.0,0.5
70,1,Filtered_Small,0,955.395620,921.419148,10.0,0.5
70,1,Filtered_Large,1,977.719533,334.105612,10.0,0.5
70,2,Filtered_Small,0,476.194291,931.040518,10.0,0.5
70,2,Filtered_Large,1,454.996885,306.323365,10.0,0.5
70,3,Filtered_Small,0,423.877463,210.084031,10.0,0.5
70,3,Filtered_Large,1,426.955665,862.710455,10.0,0.5
71,0,Filtered_Small,0,967.716079,235.518503,10.0,0.5
71,0,Filtered_Large,1,968.745922,904.043144,10.0,0.5
71,1,Filtered_Small,0,949.253345,921.205658,10.0,0.5
71,1,Filtered_Large,1,971.678118,333.749353,10.0,0.5
71,2,Filtered_Small,0,482.707577,930.637236,10.0,0.5
71,2,Filtered_Large,1,461.369717,306.085681,10.0,0.5
71,3,Filtered_Small,0,430.798858,209.744968,10.0,0.5
71,3,Filtered_Large,1,433.994725,862.448291,10.0,0.5
73,0,Filtered_Small,0,952.946008,234.970827,10.0,0.5
73,0,Filtered_Large,1,953.843302,903.367519,10.0,0.5
73,1,Filtered_Small,0,936.843766,920.898417,10.0,0.5
73,1,Filtered_Large,1,959.528232,333.093288,10.0,0.5
73,2,Filtered_Small,0,495.871139,929.630842,10.0,0.5
73,2,Filtered_Large,1,474.089222,305.554766,10.0,0.5
73,3,Filtered_Small,0,445.024356,209.185692,10.0,0.5
73,3,Filtered_Large,1,448.524388,861.851168,10.0,0.5
74,0,Filtered_Small,0,945.368325,234.662327,10.0,0.5
74,0,Filtered_Large,1,946.154920,903.005811,10.0,0.5
74,1,Filtered_Small,0,930.550091,920.777291,10.0,0.5
74,1,Filtered_Large,1,953.438132,332.720957,10.0,0.5
74,2,Filtered_Small,0,502.559789,929.029209,10.0,0.5
74,2,Filtered_Large,1,480.562497,305.247727,10.0,0.5
74,3,Filtered_Small,0,452.077079,208.897070,10.0,0.5
74,3,Filtered_Large,1,455.971878,861.500029,10.0,0.5
75,0,Filtered_Small,0,938.501474,234.417747,10.0,0.5
75,0,Filtered_Large,1,938.794683,902.823975,10.0,0.5
75,1,Filtered_Small,0,924.348378,920.637678,10.0,0.5
75,1,Filtered_Large,1,947.419967,332.318050,10.0,0.5
75,2,Filtered_Small,0,509.132938,928.415161,10.0,0.5
75,2,Filtered_Large,1,486.815135,305.019475,10.0,0.5
75,3,Filtered_Small,0,459.308979,208.574233,10.0,0.5
75,3,Filtered_Large,1,463.454372,861.086973,10.0,0.5
79,0,Filtered_Small,0,910.773488,232.976283,10.0,0.5
79,0,Filtered_Large,1,911.301928,901.584787,10.0,0.5
79,1,Filtered_Small,0,902.251436,920.010212,10.0,0.5
79,1,Filtered_Large,1,925.359714,330.709056,10.0,0.5
79,2,Filtered_Small,0,532.513074,925.932205,10.0,0.5
79,2,Filtered_Large,1,509.900978,303.701923,10.0,0.5
79,3,Filtered_Small,0,485.280277,207.315428,10.0,0.5
79,3,Filtered_Large,1,490.040401,859.428514,10.0,0.5
1476,0,Filtered_Small,0,452.455386,138.357019,10.0,0.5
1476,0,Filtered_Large,1,419.121989,840.641745,10.0,0.5
1476,1,Filtered_Small,0,253.653806,734.088654,10.0,0.5
1476,1,Filtered_Large,1,282.708890,304.887493,10.0,0.5
1476,2,Filtered_Small,0,703.300041,770.665894,10.0,0.5
1476,2,Filtered_Large,1,738.804659,237.537541,10.0,0.5
1476,3,Filtered_Small,0,858.295203,138.557767,10.0,0.5
1476,3,Filtered_Large,1,860.571995,702.054979,10.0,0.5
1491,0,Filtered_Small,0,632.385585,148.344127,10.0,0.5
1491,0,Filtered_Large,1,615.683568,855.527209,10.0,0.5
1491,1,Filtered_Small,0,370.153196,740.267617,10.0,0.5
1491,1,Filtered_Large,1,394.356132,314.142724,10.0,0.5
1491,2,Filtered_Small,0,555.384452,782.235590,10.0,0.5
1491,2,Filtered_Large,1,595.917731,246.743844,10.0,0.5
1491,3,Filtered_Small,0,705.660645,148.933036,10.0,0.5
1491,3,Filtered_Large,1,702.957455,709.989245,10.0,0.5
1506,0,Filtered_Small,0,784.350316,146.619453,10.0,0.5
1506,0,Filtered_Large,1,775.410572,857.632280,10.0,0.5
1506,1,Filtered_Small,0,463.222588,740.884731,10.0,0.5
1506,1,Filtered_Large,1,487.163526,314.812765,10.0,0.5
1506,2,Filtered_Small,0,440.440912,786.131012,10.0,0.5
1506,2,Filtered_Large,1,480.008129,245.936688,10.0,0.5
1506,3,Filtered_Small,0,580.850759,148.310982,10.0,0.5
1506,3,Filtered_Large,1,578.527449,710.740874,10.0,0.5
1521,0,Filtered_Small,0,879.772641,151.144867,10.0,0.5
1521,0,Filtered_Large,1,868.273859,865.847175,10.0,0.5
1521,1,Filtered_Small,0,518.551686,746.117344,10.0,0.5
1521,1,Filtered_Large,1,545.773625,318.475172,10.0,0.5
1521,2,Filtered_Small,0,377.013489,795.693703,10.0,0.5
1521,2,Filtered_Large,1,408.342148,249.541495,10.0,0.5
1521,3,Filtered_Small,0,500.397554,151.595584,10.0,0.5
1521,3,Filtered_Large,1,506.766165,718.793421,10.0,0.5
1536,0,Filtered_Small,0,952.963656,155.079567,10.0,0.5
1536,0,Filtered_Large,1,945.540377,874.869180,10.0,0.5
1536,1,Filtered_Small,0,563.022416,751.535811,10.0,0.5
1536,1,Filtered_Large,1,589.399960,322.097497,10.0,0.5
1536,2,Filtered_Small,0,320.899070,803.914535,10.0,0.5
1536,2,Filtered_Large,1,349.886893,253.128672,10.0,0.5
1536,3,Filtered_Small,0,439.755916,155.590356,10.0,0.5
1536,3,Filtered_Large,1,446.539578,725.689530,10.0,0.5
1551,0,Filtered_Small,0,964.686662,136.011217,10.0,0.5
1551,0,Filtered_Large,1,954.431058,860.904055,10.0,0.5
1551,1,Filtered_Small,0,568.594125,744.385253,10.0,0.5
1551,1,Filtered_Large,1,595.843181,310.976228,10.0,0.5
1551,2,Filtered_Small,0,316.883000,794.840573,10.0,0.5
1551,2,Filtered_Large,1,339.740263,238.391452,10.0,0.5
1551,3,Filtered_Small,0,430.291633,140.284074,10.0,0.5
1551,3,Filtered_Large,1,440.017490,716.144831,10.0,0.5
1566,0,Filtered_Small,0,934.683318,122.492739,10.0,0.5
1566,0,Filtered_Large,1,915.630382,848.395179,10.0,0.5
1566,1,Filtered_Small,0,552.777339,743.829346,10.0,0.5
1566,1,Filtered_Large,1,581.678728,300.273711,10.0,0.5
1566,2,Filtered_Small,0,366.571707,795.432998,10.0,0.5
1566,2,Filtered_Large,1,374.962464,225.265892,10.0,0.5
1566,3,Filtered_Small,0,456.197673,126.345214,10.0,0.5
1566,3,Filtered_Large,1,472.606910,718.184619,10.0,0.5
1611,0,Filtered_Small,0,766.996933,181.968658,10.0,0.5
1611,0,Filtered_Large,1,726.952044,893.762596,10.0,0.5
1611,1,Filtered_Small,0,450.224280,792.266352,10.0,0.5
1611,1,Filtered_Large,1,483.668139,330.745107,10.0,0.5
1611,2,Filtered_Small,0,574.166876,857.930898,10.0,0.5
1611,2,Filtered_Large,1,541.478911,268.168225,10.0,0.5
1611,3,Filtered_Small,0,605.705718,170.662339,10.0,0.5
1611,3,Filtered_Large,1,641.708947,789.820993,10.0,0.5
2511,0,Filtered_Small,0,613.361254,111.980706,10.0,0.5
2511,0,Filtered_Large,1,323.858869,767.531260,10.0,0.5
2511,1,Filtered_Small,0,189.716429,707.905510,10.0,0.5
2511,1,Filtered_Large,1,383.076738,289.613767,10.0,0.5
2511,2,Filtered_Small,0,867.494851,740.988540,10.0,0.5
2511,2,Filtered_Large,1,636.530184,215.429617,10.0,0.5
2511,3,Filtered_Small,0,730.377193,115.564490,10.0,0.5
2511,3,Filtered_Large,1,983.270440,675.257908,10.0,0.5
2526,0,Filtered_Small,0,771.301254,124.478800,10.0,0.5
2526,0,Filtered_Large,1,481.570533,783.336958,10.0,0.5
2526,1,Filtered_Small,0,291.774368,716.843625,10.0,0.5
2526,1,Filtered_Large,1,482.382777,299.420197,10.0,0.5
2526,2,Filtered_Small,0,744.362362,755.539274,10.0,0.5
2526,2,Filtered_Large,1,512.773016,225.724937,10.0,0.5
2526,3,Filtered_Small,0,596.467771,126.773270,10.0,0.5
2526,3,Filtered_Large,1,846.534045,687.124112,10.0,0.5
